Asset Class,AddOn Exposure
Interest Rate,278136664.59871423
Commodity,122604147.4163197
Equity,76212178.6313063
FX,67469271.5901744
Credit,23616139.773786042
