Asset Class,AddOn Exposure
Commodity,19559191.02572101
Interest Rate,19021985.206063695
FX,16678269.973551344
Credit,6601738.920656487
Equity,932778.0370740318
