Asset Class,AddOn Exposure
Commodity,19584984.887841936
Interest Rate,19021440.869067963
FX,16678269.973551342
Credit,6571877.355764299
Equity,921401.2988649122
