Counterparty ID,AddOn Aggregate,PFE,RC,EAD,RWA
CP_PENSION_A,15185854.561663361,9236710.370175244,1909749.4399999997,15605043.734245341,7802521.867122671
CP_HEDGE_FUND_A,8681860.435231874,3059809.9211871126,0.0,4283733.889661957,4283733.889661957
CP_BANK_A,8919107.308647357,5370852.724585199,0.0,7519193.814419278,3759596.907209639
CP_ASSET_MANAGER_A,6835825.277900739,3407114.839880351,561800.25,5556481.125832492,2778240.562916246
CP_INSURER_A,4840706.752356733,2516732.1089773225,0.0,3523424.952568251,1761712.4762841256
CP_BANK_B,6035734.52467721,2244138.555501122,0.0,3141793.9777015704,1570896.9888507852
CP_SOVEREIGN_A,4792361.060444696,3583116.4366515893,0.0,5016363.011312225,1003272.602262445
CP_CORPORATE_A,7486524.464168483,703398.8440678183,0.0,984758.3816949455,984758.3816949455
