Counterparty ID,AddOn Aggregate,PFE,RC,EAD,RWA
CP_CORPORATE_A,7491591.313123042,1714198.9479375093,20030230.0,23777043.834427606,23777043.834427606
CP_HEDGE_FUND_A,8681864.682752406,5374594.46438701,5376.27,7531959.028141813,7531959.028141813
CP_PENSION_A,15186672.5985648,8449813.242218211,785860.89,12929943.785105493,6464971.892552746
CP_SOVEREIGN_A,4792361.060444696,325678.95719796023,26753091.740000002,20652513.696358107,4130502.739271621
CP_BANK_B,6025906.347593713,3638540.2537565846,1079413.44,6605135.171259219,3302567.5856296094
CP_ASSET_MANAGER_A,6814239.062873717,3478723.1318145483,1172090.33,6511138.846540367,3255569.4232701836
CP_INSURER_A,4882020.643297681,2379496.6919954144,3569952.39,5217773.644560692,2608886.822280346
CP_BANK_A,8919307.454416512,1779035.8884224591,3285289.959999999,4152805.5296771964,2076402.7648385982
